original_name,previous_name,current_path
.w,.w,_to_delete/.w
0EF30940-9D63-41D9-BEE7-5225A5A4C452.JPG,0EF30940-9D63-41D9-BEE7-5225A5A4C452.JPG,_to_delete/0EF30940-9D63-41D9-BEE7-5225A5A4C452.JPG
IMG_0591.JPG,IMG_0591.JPG,_to_delete/IMG_0591.JPG
IMG_0592.MOV,IMG_0592.MOV,_to_delete/IMG_0592.MOV
IMG_0593.MOV,IMG_0593.MOV,_to_delete/IMG_0593.MOV
IMG_0594.MOV,IMG_0594.MOV,_to_delete/IMG_0594.MOV
IMG_0596.MOV,IMG_0596.MOV,_to_delete/IMG_0596.MOV
IMG_0598.JPG,IMG_0598.JPG,_to_delete/IMG_0598.JPG
IMG_0599.JPG,IMG_0599.JPG,_to_delete/IMG_0599.JPG
IMG_0600.JPG,IMG_0600.JPG,_to_delete/IMG_0600.JPG
IMG_0601.JPG,IMG_0601.JPG,_to_delete/IMG_0601.JPG
IMG_0602.MOV,IMG_0602.MOV,_to_delete/IMG_0602.MOV
IMG_0603.jpg,IMG_0603.jpg,_to_delete/IMG_0603.jpg
IMG_0604.jpg,IMG_0604.jpg,_to_delete/IMG_0604.jpg
IMG_0606.JPG,IMG_0606.JPG,_to_delete/IMG_0606.JPG
IMG_0607.JPG,IMG_0607.JPG,_to_delete/IMG_0607.JPG
IMG_0611.JPG,IMG_0611.JPG,_to_delete/IMG_0611.JPG
IMG_0612.JPG,IMG_0612.JPG,_to_delete/IMG_0612.JPG
IMG_0628.JPG,IMG_0628.JPG,_to_delete/IMG_0628.JPG
IMG_0629.JPG,IMG_0629.JPG,_to_delete/IMG_0629.JPG
IMG_0630.JPG,IMG_0630.JPG,_to_delete/IMG_0630.JPG
IMG_0631.MOV,IMG_0631.MOV,_to_delete/IMG_0631.MOV
IMG_0632.MOV,IMG_0632.MOV,_to_delete/IMG_0632.MOV
IMG_0633.JPG,IMG_0633.JPG,_to_delete/IMG_0633.JPG
IMG_0634.JPG,IMG_0634.JPG,_to_delete/IMG_0634.JPG
IMG_3185.JPG,IMG_3185.JPG,_to_delete/IMG_3185.JPG
IMG_3186.JPG,IMG_3186.JPG,_to_delete/IMG_3186.JPG
IMG_3187.JPG,IMG_3187.JPG,_to_delete/IMG_3187.JPG
IMG_3188.JPG,IMG_3188.JPG,_to_delete/IMG_3188.JPG
IMG_3189.JPG,IMG_3189.JPG,_to_delete/IMG_3189.JPG
IMG_3190.JPG,IMG_3190.JPG,_to_delete/IMG_3190.JPG
IMG_3191.JPG,IMG_3191.JPG,_to_delete/IMG_3191.JPG
IMG_3192.JPG,IMG_3192.JPG,_to_delete/IMG_3192.JPG
IMG_3193.JPG,IMG_3193.JPG,_to_delete/IMG_3193.JPG
IMG_3194.JPG,IMG_3194.JPG,_to_delete/IMG_3194.JPG
IMG_3195.JPG,IMG_3195.JPG,_to_delete/IMG_3195.JPG
IMG_3196.JPG,IMG_3196.JPG,_to_delete/IMG_3196.JPG
IMG_3197.JPG,IMG_3197.JPG,_to_delete/IMG_3197.JPG
IMG_3198.JPG,IMG_3198.JPG,_to_delete/IMG_3198.JPG
IMG_3199.JPG,IMG_3199.JPG,_to_delete/IMG_3199.JPG
lift engine.m4a,lift engine.m4a,003_AUDIO/peakgremlin_audio_lift-engine.m4a
this is the fastest way down.m4a,this is the fastest way down.m4a,003_AUDIO/peakgremlin_audio_fastest-way-down.m4a
walking 2.m4a,walking 2.m4a,003_AUDIO/peakgremlin_audio_walking-2.m4a
walking.m4a,walking.m4a,003_AUDIO/peakgremlin_audio_walking.m4a
wind.m4a,wind.m4a,003_AUDIO/peakgremlin_audio_wind.m4a
3AF892AD-48DE-4F17-A20C-3DB1DE683ACB.JPG,peakgremlinstill_001.jpg,001_STILLS/peakgremlin_still_20261001_050448.jpg
IMG_0044.JPG,peakgremlinstill_002.jpg,001_STILLS/peakgremlin_still_20261001_134015.jpg
IMG_0050.JPG,peakgremlinstill_003.jpg,001_STILLS/peakgremlin_still_20261001_142330.jpg
IMG_0051.JPG,peakgremlinstill_004.jpg,001_STILLS/peakgremlin_still_20261001_142333.jpg
IMG_0052.JPG,peakgremlinstill_005.jpg,001_STILLS/peakgremlin_still_20261001_142334.jpg
IMG_0068.JPG,peakgremlinstill_006.jpg,001_STILLS/peakgremlin_still_20261001_162202.jpg
IMG_0069.JPG,peakgremlinstill_007.jpg,001_STILLS/peakgremlin_still_20261001_162203.jpg
IMG_0070.JPG,peakgremlinstill_008.jpg,001_STILLS/peakgremlin_still_20261001_162204.jpg
IMG_0090.mov,peakgremlinmovingimage_001.mov,002_MOVING_IMAGE/peakgremlin_movingimage_20261001_163625.mov
IMG_0093.mov,peakgremlinmovingimage_002.mov,002_MOVING_IMAGE/peakgremlin_movingimage_20261001_163752.mov
IMG_0094.MOV,peakgremlinmovingimage_003.mov,002_MOVING_IMAGE/peakgremlin_movingimage_20261001_163818.mov
IMG_0096.JPG,peakgremlinstill_009.jpg,001_STILLS/peakgremlin_still_20261001_164448.jpg
IMG_0098.jpg,peakgremlinstill_010.jpg,001_STILLS/peakgremlin_still_20261001_164815.jpg
IMG_0103.JPG,peakgremlinstill_011.jpg,001_STILLS/peakgremlin_still_20261001_165028.jpg
IMG_0104.JPG,peakgremlinstill_012.jpg,001_STILLS/peakgremlin_still_20261001_165031.jpg
IMG_0106.JPG,peakgremlinstill_013.jpg,001_STILLS/peakgremlin_still_20261001_165131.jpg
IMG_0107.JPG,peakgremlinstill_014.jpg,001_STILLS/peakgremlin_still_20261001_165133.jpg
IMG_0109.JPG,peakgremlinstill_015.jpg,001_STILLS/peakgremlin_still_20261001_165138.jpg
IMG_0110.JPG,peakgremlinstill_016.jpg,001_STILLS/peakgremlin_still_20261001_165214.jpg
IMG_0112.JPG,peakgremlinstill_017.jpg,001_STILLS/peakgremlin_still_20261001_165243.jpg
IMG_0113.JPG,peakgremlinstill_018.jpg,001_STILLS/peakgremlin_still_20261001_165244.jpg
IMG_0116.JPG,peakgremlinstill_019.jpg,001_STILLS/peakgremlin_still_20261001_165421.jpg
IMG_0118.JPG,peakgremlinstill_020.jpg,001_STILLS/peakgremlin_still_20261001_165446.jpg
IMG_0120.JPG,peakgremlinstill_021.jpg,001_STILLS/peakgremlin_still_20261001_165521.jpg
IMG_0121.JPG,peakgremlinstill_022.jpg,001_STILLS/peakgremlin_still_20261001_165522.jpg
IMG_0124.JPG,peakgremlinstill_023.jpg,001_STILLS/peakgremlin_still_20261001_165538.jpg
IMG_0126.JPG,peakgremlinstill_024.jpg,001_STILLS/peakgremlin_still_20261001_165623.jpg
IMG_0128.JPG,peakgremlinstill_025.jpg,001_STILLS/peakgremlin_still_20261001_165801.jpg
IMG_0129.JPG,peakgremlinstill_026.jpg,001_STILLS/peakgremlin_still_20261001_170006.jpg
IMG_0139.MOV,peakgremlinmovingimage_004.mov,002_MOVING_IMAGE/peakgremlin_movingimage_20261001_171139.mov
IMG_0157.JPG,peakgremlinstill_027.jpg,001_STILLS/peakgremlin_still_20261001_173916.jpg
IMG_0161.JPG,peakgremlinstill_028.jpg,001_STILLS/peakgremlin_still_20261001_173919.jpg
IMG_0192.JPG,peakgremlinstill_029.jpg,001_STILLS/peakgremlin_still_20261001_174135.jpg
IMG_0241.JPG,peakgremlinstill_030.jpg,001_STILLS/peakgremlin_still_20261001_185300.jpg
IMG_0242.JPG,peakgremlinstill_031.jpg,001_STILLS/peakgremlin_still_20261001_185301.jpg
IMG_0244.JPG,peakgremlinstill_032.jpg,001_STILLS/peakgremlin_still_20261001_191412.jpg
IMG_0245.JPG,peakgremlinstill_033.jpg,001_STILLS/peakgremlin_still_20261001_194439.jpg
IMG_0249.JPG,peakgremlinstill_034.jpg,001_STILLS/peakgremlin_still_20261001_201511.jpg
68DA31B7-016B-496F-B2B5-B672A4821AE7.JPG,peakgremlinstill_035.jpg,001_STILLS/peakgremlin_still_20261001_212119.jpg
172BF849-EC8C-4679-9EA1-703AA386EE91.JPG,peakgremlinstill_036.jpg,001_STILLS/peakgremlin_still_20261001_222247.jpg
IMG_0254.jpg,peakgremlinstill_037.jpg,001_STILLS/peakgremlin_still_20261001_222521.jpg
8E45D42E-D46E-4A53-ABD3-CA3D06A1D616.JPG,peakgremlinstill_038.jpg,001_STILLS/peakgremlin_still_20261001_231821.jpg
IMG_0257.JPG,peakgremlinstill_039.jpg,001_STILLS/peakgremlin_still_20261001_231912.jpg
IMG_0258.JPG,peakgremlinstill_040.jpg,001_STILLS/peakgremlin_still_20261001_231916.jpg
IMG_0259.JPG,peakgremlinstill_041.jpg,001_STILLS/peakgremlin_still_20261001_231920.jpg
IMG_0277.JPG,peakgremlinstill_042.jpg,001_STILLS/peakgremlin_still_20261001_232947.jpg
IMG_0282.JPG,peakgremlinstill_043.jpg,001_STILLS/peakgremlin_still_20261001_233001.jpg
IMG_0283.jpg,peakgremlinstill_044.jpg,001_STILLS/peakgremlin_still_20261001_233003.jpg
IMG_3022.JPG,peakgremlinstill_045.jpg,001_STILLS/peakgremlin_still_20261002_085344.jpg
IMG_3023.JPG,peakgremlinstill_046.jpg,001_STILLS/peakgremlin_still_20261002_085352.jpg
IMG_3025.JPG,peakgremlinstill_047.jpg,001_STILLS/peakgremlin_still_20261002_085403.jpg
IMG_3026.JPG,peakgremlinstill_048.jpg,001_STILLS/peakgremlin_still_20261002_085409.jpg
IMG_3027.JPG,peakgremlinstill_049.jpg,001_STILLS/peakgremlin_still_20261002_085413.jpg
IMG_3028.jpg,peakgremlinstill_050.jpg,001_STILLS/peakgremlin_still_20261002_085434.jpg
IMG_3029.jpg,peakgremlinstill_051.jpg,001_STILLS/peakgremlin_still_20261002_085917.jpg
IMG_3030.jpg,peakgremlinstill_052.jpg,001_STILLS/peakgremlin_still_20261002_085924.jpg
IMG_3031.JPG,peakgremlinstill_053.jpg,001_STILLS/peakgremlin_still_20261002_085928.jpg
IMG_3032.JPG,peakgremlinstill_054.jpg,001_STILLS/peakgremlin_still_20261002_085932.jpg
IMG_3033.JPG,peakgremlinstill_055.jpg,001_STILLS/peakgremlin_still_20261002_085937.jpg
IMG_3034.jpg,peakgremlinstill_056.jpg,001_STILLS/peakgremlin_still_20261002_085943.jpg
IMG_3035.JPG,peakgremlinstill_057.jpg,001_STILLS/peakgremlin_still_20261002_085959.jpg
IMG_3036.JPG,peakgremlinstill_058.jpg,001_STILLS/peakgremlin_still_20261002_090048.jpg
IMG_3037.JPG,peakgremlinstill_059.jpg,001_STILLS/peakgremlin_still_20261002_090055.jpg
IMG_0307.JPG,peakgremlinstill_060.jpg,001_STILLS/peakgremlin_still_20261002_094129.jpg
IMG_0352.JPG,peakgremlinstill_061.jpg,001_STILLS/peakgremlin_still_20261002_104143.jpg
IMG_0353.JPG,peakgremlinstill_062.jpg,001_STILLS/peakgremlin_still_20261002_104144.jpg
IMG_0354.JPG,peakgremlinstill_063.jpg,001_STILLS/peakgremlin_still_20261002_104145.jpg
IMG_0355.JPG,peakgremlinstill_064.jpg,001_STILLS/peakgremlin_still_20261002_104146.jpg
IMG_0356.JPG,peakgremlinstill_065.jpg,001_STILLS/peakgremlin_still_20261002_104258.jpg
IMG_0357.JPG,peakgremlinstill_066.jpg,001_STILLS/peakgremlin_still_20261002_104300.jpg
IMG_0358.MOV,peakgremlinmovingimage_005.mov,002_MOVING_IMAGE/peakgremlin_movingimage_20261002_104345.mov
IMG_0359.MOV,peakgremlinmovingimage_006.mov,002_MOVING_IMAGE/peakgremlin_movingimage_20261002_104424.mov
IMG_0360.mov,peakgremlinmovingimage_007.mov,002_MOVING_IMAGE/peakgremlin_movingimage_20261002_104514.mov
IMG_3043.JPG,peakgremlinstill_067.jpg,001_STILLS/peakgremlin_still_20261002_114909.jpg
IMG_3044.JPG,peakgremlinstill_068.jpg,001_STILLS/peakgremlin_still_20261002_114912.jpg
IMG_0363.JPG,peakgremlinstill_069.jpg,001_STILLS/peakgremlin_still_20261002_120311.jpg
IMG_0364.JPG,peakgremlinstill_070.jpg,001_STILLS/peakgremlin_still_20261002_120315.jpg
IMG_0365.JPG,peakgremlinstill_071.jpg,001_STILLS/peakgremlin_still_20261002_120316.jpg
IMG_3046.JPG,peakgremlinstill_072.jpg,001_STILLS/peakgremlin_still_20261002_120548.jpg
IMG_3047.JPG,peakgremlinstill_073.jpg,001_STILLS/peakgremlin_still_20261002_120839.jpg
IMG_3048.JPG,peakgremlinstill_074.jpg,001_STILLS/peakgremlin_still_20261002_120859.jpg
IMG_3049.JPG,peakgremlinstill_075.jpg,001_STILLS/peakgremlin_still_20261002_120907.jpg
IMG_3050.JPG,peakgremlinstill_076.jpg,001_STILLS/peakgremlin_still_20261002_121029.jpg
IMG_3051.JPG,peakgremlinstill_077.jpg,001_STILLS/peakgremlin_still_20261002_121107.jpg
IMG_3052.JPG,peakgremlinstill_078.jpg,001_STILLS/peakgremlin_still_20261002_121116.jpg
IMG_3055.JPG,peakgremlinstill_079.jpg,001_STILLS/peakgremlin_still_20261002_121406.jpg
IMG_3056.JPG,peakgremlinstill_080.jpg,001_STILLS/peakgremlin_still_20261002_121442.jpg
IMG_3057.JPG,peakgremlinstill_081.jpg,001_STILLS/peakgremlin_still_20261002_121537.jpg
IMG_3058.JPG,peakgremlinstill_082.jpg,001_STILLS/peakgremlin_still_20261002_121544.jpg
IMG_3059.JPG,peakgremlinstill_083.jpg,001_STILLS/peakgremlin_still_20261002_121602.jpg
IMG_3060.JPG,peakgremlinstill_084.jpg,001_STILLS/peakgremlin_still_20261002_121610.jpg
IMG_3061.JPG,peakgremlinstill_085.jpg,001_STILLS/peakgremlin_still_20261002_121618.jpg
IMG_3063.JPG,peakgremlinstill_086.jpg,001_STILLS/peakgremlin_still_20261002_122106.jpg
IMG_3064.JPG,peakgremlinstill_087.jpg,001_STILLS/peakgremlin_still_20261002_122245.jpg
IMG_3066.JPG,peakgremlinstill_088.jpg,001_STILLS/peakgremlin_still_20261002_123018.jpg
IMG_3067.JPG,peakgremlinstill_089.jpg,001_STILLS/peakgremlin_still_20261002_123049.jpg
IMG_3068.JPG,peakgremlinstill_090.jpg,001_STILLS/peakgremlin_still_20261002_123058.jpg
IMG_3069.JPG,peakgremlinstill_091.jpg,001_STILLS/peakgremlin_still_20261002_123421.jpg
IMG_3070.JPG,peakgremlinstill_092.jpg,001_STILLS/peakgremlin_still_20261002_123431.jpg
IMG_3071.JPG,peakgremlinstill_093.jpg,001_STILLS/peakgremlin_still_20261002_123549.jpg
IMG_3072.JPG,peakgremlinstill_094.jpg,001_STILLS/peakgremlin_still_20261002_124018.jpg
IMG_3073.JPG,peakgremlinstill_095.jpg,001_STILLS/peakgremlin_still_20261002_124243.jpg
IMG_3075.JPG,peakgremlinstill_096.jpg,001_STILLS/peakgremlin_still_20261002_124637.jpg
IMG_3076.JPG,peakgremlinstill_097.jpg,001_STILLS/peakgremlin_still_20261002_124646.jpg
IMG_3080.JPG,peakgremlinstill_098.jpg,001_STILLS/peakgremlin_still_20261002_124708.jpg
IMG_3081.JPG,peakgremlinstill_099.jpg,001_STILLS/peakgremlin_still_20261002_124712.jpg
IMG_3082.JPG,peakgremlinstill_100.jpg,001_STILLS/peakgremlin_still_20261002_124717.jpg
IMG_3083.JPG,peakgremlinstill_101.jpg,001_STILLS/peakgremlin_still_20261002_124825.jpg
IMG_3084.JPG,peakgremlinstill_102.jpg,001_STILLS/peakgremlin_still_20261002_124832.jpg
IMG_3085.JPG,peakgremlinstill_103.jpg,001_STILLS/peakgremlin_still_20261002_124838.jpg
IMG_3086.JPG,peakgremlinstill_104.jpg,001_STILLS/peakgremlin_still_20261002_124845.jpg
IMG_3087.JPG,peakgremlinstill_105.jpg,001_STILLS/peakgremlin_still_20261002_124853.jpg
IMG_3088.JPG,peakgremlinstill_106.jpg,001_STILLS/peakgremlin_still_20261002_124906.jpg
IMG_3092.JPG,peakgremlinstill_107.jpg,001_STILLS/peakgremlin_still_20261002_125012.jpg
IMG_3093.JPG,peakgremlinstill_108.jpg,001_STILLS/peakgremlin_still_20261002_125025.jpg
IMG_3094.JPG,peakgremlinstill_109.jpg,001_STILLS/peakgremlin_still_20261002_125032.jpg
IMG_3096.JPG,peakgremlinstill_110.jpg,001_STILLS/peakgremlin_still_20261002_130309.jpg
IMG_3097.JPG,peakgremlinstill_111.jpg,001_STILLS/peakgremlin_still_20261002_130316.jpg
IMG_3098.JPG,peakgremlinstill_112.jpg,001_STILLS/peakgremlin_still_20261002_130320.jpg
IMG_3101.JPG,peakgremlinstill_113.jpg,001_STILLS/peakgremlin_still_20261002_130338.jpg
IMG_3104.JPG,peakgremlinstill_114.jpg,001_STILLS/peakgremlin_still_20261002_130403.jpg
IMG_3106.JPG,peakgremlinstill_115.jpg,001_STILLS/peakgremlin_still_20261002_130648.jpg
IMG_3107.JPG,peakgremlinstill_116.jpg,001_STILLS/peakgremlin_still_20261002_130654.jpg
IMG_3108.JPG,peakgremlinstill_117.jpg,001_STILLS/peakgremlin_still_20261002_130702.jpg
IMG_3110.JPG,peakgremlinstill_118.jpg,001_STILLS/peakgremlin_still_20261002_130715.jpg
IMG_3111.JPG,peakgremlinstill_119.jpg,001_STILLS/peakgremlin_still_20261002_130718.jpg
IMG_3112.JPG,peakgremlinstill_120.jpg,001_STILLS/peakgremlin_still_20261002_130734.jpg
IMG_3113.JPG,peakgremlinstill_121.jpg,001_STILLS/peakgremlin_still_20261002_130742.jpg
IMG_3114.JPG,peakgremlinstill_122.jpg,001_STILLS/peakgremlin_still_20261002_130809.jpg
IMG_3115.JPG,peakgremlinstill_123.jpg,001_STILLS/peakgremlin_still_20261002_130815.jpg
IMG_3116.JPG,peakgremlinstill_124.jpg,001_STILLS/peakgremlin_still_20261002_130826.jpg
IMG_3117.JPG,peakgremlinstill_125.jpg,001_STILLS/peakgremlin_still_20261002_130848.jpg
IMG_3118.JPG,peakgremlinstill_126.jpg,001_STILLS/peakgremlin_still_20261002_130856.jpg
IMG_3120.JPG,peakgremlinstill_127.jpg,001_STILLS/peakgremlin_still_20261002_130937.jpg
IMG_3121.JPG,peakgremlinstill_128.jpg,001_STILLS/peakgremlin_still_20261002_130945.jpg
IMG_3123.JPG,peakgremlinstill_129.jpg,001_STILLS/peakgremlin_still_20261002_131028.jpg
IMG_3124.JPG,peakgremlinstill_130.jpg,001_STILLS/peakgremlin_still_20261002_131113.jpg
IMG_3125.JPG,peakgremlinstill_131.jpg,001_STILLS/peakgremlin_still_20261002_131121.jpg
MVI_3039.mov,peakgremlinmovingimage_008.mov,002_MOVING_IMAGE/peakgremlin_movingimage_20261002_131334.mov
MVI_3042.mov,peakgremlinmovingimage_009.mov,002_MOVING_IMAGE/peakgremlin_movingimage_20261002_131609.mov
IMG_3128.JPG,peakgremlinstill_132.jpg,001_STILLS/peakgremlin_still_20261002_131636.jpg
IMG_3129.JPG,peakgremlinstill_133.jpg,001_STILLS/peakgremlin_still_20261002_131644.jpg
IMG_3130.JPG,peakgremlinstill_134.jpg,001_STILLS/peakgremlin_still_20261002_131654.jpg
IMG_3131.JPG,peakgremlinstill_135.jpg,001_STILLS/peakgremlin_still_20261002_131732.jpg
IMG_3132.JPG,peakgremlinstill_136.jpg,001_STILLS/peakgremlin_still_20261002_132418.jpg
IMG_3133.JPG,peakgremlinstill_137.jpg,001_STILLS/peakgremlin_still_20261002_132426.jpg
IMG_3134.JPG,peakgremlinstill_138.jpg,001_STILLS/peakgremlin_still_20261002_132434.jpg
IMG_3135.JPG,peakgremlinstill_139.jpg,001_STILLS/peakgremlin_still_20261002_132438.jpg
IMG_3136.JPG,peakgremlinstill_140.jpg,001_STILLS/peakgremlin_still_20261002_132441.jpg
IMG_3137.JPG,peakgremlinstill_141.jpg,001_STILLS/peakgremlin_still_20261002_132445.jpg
IMG_3138.JPG,peakgremlinstill_142.jpg,001_STILLS/peakgremlin_still_20261002_132457.jpg
IMG_3141.JPG,peakgremlinstill_143.jpg,001_STILLS/peakgremlin_still_20261002_132553.jpg
IMG_3143.JPG,peakgremlinstill_144.jpg,001_STILLS/peakgremlin_still_20261002_132613.jpg
IMG_3144.JPG,peakgremlinstill_145.jpg,001_STILLS/peakgremlin_still_20261002_132620.jpg
IMG_0368.MOV,peakgremlinmovingimage_010.mov,002_MOVING_IMAGE/peakgremlin_movingimage_20261002_132825.mov
IMG_3146.JPG,peakgremlinstill_146.jpg,001_STILLS/peakgremlin_still_20261002_133143.jpg
IMG_3147.JPG,peakgremlinstill_147.jpg,001_STILLS/peakgremlin_still_20261002_133150.jpg
IMG_3148.JPG,peakgremlinstill_148.jpg,001_STILLS/peakgremlin_still_20261002_133200.jpg
IMG_3149.JPG,peakgremlinstill_149.jpg,001_STILLS/peakgremlin_still_20261002_133209.jpg
IMG_3150.JPG,peakgremlinstill_150.jpg,001_STILLS/peakgremlin_still_20261002_133218.jpg
IMG_3151.JPG,peakgremlinstill_151.jpg,001_STILLS/peakgremlin_still_20261002_133231.jpg
IMG_3152.JPG,peakgremlinstill_152.jpg,001_STILLS/peakgremlin_still_20261002_133248.jpg
IMG_3153.JPG,peakgremlinstill_153.jpg,001_STILLS/peakgremlin_still_20261002_133457.jpg
IMG_3154.JPG,peakgremlinstill_154.jpg,001_STILLS/peakgremlin_still_20261002_133521.jpg
IMG_3155.JPG,peakgremlinstill_155.jpg,001_STILLS/peakgremlin_still_20261002_133528.jpg
IMG_3156.JPG,peakgremlinstill_156.jpg,001_STILLS/peakgremlin_still_20261002_133538.jpg
IMG_3157.JPG,peakgremlinstill_157.jpg,001_STILLS/peakgremlin_still_20261002_133545.jpg
IMG_3158.JPG,peakgremlinstill_158.jpg,001_STILLS/peakgremlin_still_20261002_133557.jpg
IMG_3159.JPG,peakgremlinstill_159.jpg,001_STILLS/peakgremlin_still_20261002_133604.jpg
IMG_3160.JPG,peakgremlinstill_160.jpg,001_STILLS/peakgremlin_still_20261002_133622.jpg
IMG_3161.JPG,peakgremlinstill_161.jpg,001_STILLS/peakgremlin_still_20261002_133630.jpg
IMG_3162.JPG,peakgremlinstill_162.jpg,001_STILLS/peakgremlin_still_20261002_133649.jpg
IMG_3163.JPG,peakgremlinstill_163.jpg,001_STILLS/peakgremlin_still_20261002_133657.jpg
IMG_3164.JPG,peakgremlinstill_164.jpg,001_STILLS/peakgremlin_still_20261002_133706.jpg
IMG_3165.JPG,peakgremlinstill_165.jpg,001_STILLS/peakgremlin_still_20261002_133714.jpg
IMG_3166.JPG,peakgremlinstill_166.jpg,001_STILLS/peakgremlin_still_20261002_133723.jpg
IMG_3167.JPG,peakgremlinstill_167.jpg,001_STILLS/peakgremlin_still_20261002_133732.jpg
IMG_3168.JPG,peakgremlinstill_168.jpg,001_STILLS/peakgremlin_still_20261002_133814.jpg
IMG_3170.JPG,peakgremlinstill_169.jpg,001_STILLS/peakgremlin_still_20261002_134440.jpg
IMG_3171.JPG,peakgremlinstill_170.jpg,001_STILLS/peakgremlin_still_20261002_134446.jpg
IMG_3172.JPG,peakgremlinstill_171.jpg,001_STILLS/peakgremlin_still_20261002_134516.jpg
IMG_3173.JPG,peakgremlinstill_172.jpg,001_STILLS/peakgremlin_still_20261002_134523.jpg
IMG_3174.JPG,peakgremlinstill_173.jpg,001_STILLS/peakgremlin_still_20261002_134559.jpg
IMG_3175.JPG,peakgremlinstill_174.jpg,001_STILLS/peakgremlin_still_20261002_134750.jpg
IMG_3177.JPG,peakgremlinstill_175.jpg,001_STILLS/peakgremlin_still_20261002_135304.jpg
IMG_3178.JPG,peakgremlinstill_176.jpg,001_STILLS/peakgremlin_still_20261002_135347.jpg
MVI_3053.mov,peakgremlinmovingimage_011.mov,002_MOVING_IMAGE/peakgremlin_movingimage_20261002_141235.mov
MVI_3054.mov,peakgremlinmovingimage_012.mov,002_MOVING_IMAGE/peakgremlin_movingimage_20261002_141255.mov
MVI_3062.MP4,peakgremlinmovingimage_013.mp4,002_MOVING_IMAGE/peakgremlin_movingimage_20261002_141626.mp4
MVI_3065.MP4,peakgremlinmovingimage_014.mp4,002_MOVING_IMAGE/peakgremlin_movingimage_20261002_142629.mp4
IMG_0369.JPG,peakgremlinstill_177.jpg,001_STILLS/peakgremlin_still_20261002_144155.jpg
IMG_0370.JPG,peakgremlinstill_178.jpg,001_STILLS/peakgremlin_still_20261002_144156.jpg
IMG_0371.JPG,peakgremlinstill_179.jpg,001_STILLS/peakgremlin_still_20261002_144158.jpg
IMG_0372.JPG,peakgremlinstill_180.jpg,001_STILLS/peakgremlin_still_20261002_144205.jpg
IMG_0373.JPG,peakgremlinstill_181.jpg,001_STILLS/peakgremlin_still_20261002_144207.jpg
IMG_0374.JPG,peakgremlinstill_182.jpg,001_STILLS/peakgremlin_still_20261002_144209.jpg
MVI_3074.MP4,peakgremlinmovingimage_015.mp4,002_MOVING_IMAGE/peakgremlin_movingimage_20261002_144628.mp4
IMG_0375.JPG,peakgremlinstill_183.jpg,001_STILLS/peakgremlin_still_20261002_144632.jpg
IMG_0376.JPG,peakgremlinstill_184.jpg,001_STILLS/peakgremlin_still_20261002_144636.jpg
IMG_0377.JPG,peakgremlinstill_185.jpg,001_STILLS/peakgremlin_still_20261002_144639.jpg
IMG_0378.MOV,peakgremlinmovingimage_016.mov,002_MOVING_IMAGE/peakgremlin_movingimage_20261002_144643.mov
IMG_0379.MOV,peakgremlinmovingimage_017.mov,002_MOVING_IMAGE/peakgremlin_movingimage_20261002_144657.mov
IMG_0380.JPG,peakgremlinstill_186.jpg,001_STILLS/peakgremlin_still_20261002_144703.jpg
IMG_0381.JPG,peakgremlinstill_187.jpg,001_STILLS/peakgremlin_still_20261002_144704.jpg
IMG_0382.JPG,peakgremlinstill_188.jpg,001_STILLS/peakgremlin_still_20261002_144707.jpg
IMG_0383.JPG,peakgremlinstill_189.jpg,001_STILLS/peakgremlin_still_20261002_144708.jpg
MVI_3091.MP4,peakgremlinmovingimage_018.mp4,002_MOVING_IMAGE/peakgremlin_movingimage_20261002_144947.mp4
IMG_0384.JPG,peakgremlinstill_190.jpg,001_STILLS/peakgremlin_still_20261002_145026.jpg
IMG_0385.JPG,peakgremlinstill_191.jpg,001_STILLS/peakgremlin_still_20261002_145028.jpg
MVI_3095.MP4,peakgremlinmovingimage_019.mp4,002_MOVING_IMAGE/peakgremlin_movingimage_20261002_145044.mp4
IMG_0391.JPG,peakgremlinstill_192.jpg,001_STILLS/peakgremlin_still_20261002_145053.jpg
IMG_0392.JPG,peakgremlinstill_193.jpg,001_STILLS/peakgremlin_still_20261002_145056.jpg
IMG_0393.JPG,peakgremlinstill_194.jpg,001_STILLS/peakgremlin_still_20261002_145058.jpg
IMG_0394.JPG,peakgremlinstill_195.jpg,001_STILLS/peakgremlin_still_20261002_145059.jpg
IMG_0395.JPG,peakgremlinstill_196.jpg,001_STILLS/peakgremlin_still_20261002_145115.jpg
IMG_0396.JPG,peakgremlinstill_197.jpg,001_STILLS/peakgremlin_still_20261002_145116.jpg
IMG_0397.JPG,peakgremlinstill_198.jpg,001_STILLS/peakgremlin_still_20261002_145117.jpg
IMG_0399.MOV,peakgremlinmovingimage_020.mov,002_MOVING_IMAGE/peakgremlin_movingimage_20261002_145141.mov
IMG_0403.mov,peakgremlinmovingimage_021.mov,002_MOVING_IMAGE/peakgremlin_movingimage_20261002_145604.mov
IMG_0404.mov,peakgremlinmovingimage_022.mov,002_MOVING_IMAGE/peakgremlin_movingimage_20261002_145657.mov
IMG_0406.mov,peakgremlinmovingimage_023.mov,002_MOVING_IMAGE/peakgremlin_movingimage_20261002_145719.mov
IMG_0410.JPG,peakgremlinstill_199.jpg,001_STILLS/peakgremlin_still_20261002_150416.jpg
IMG_0412.JPG,peakgremlinstill_200.jpg,001_STILLS/peakgremlin_still_20261002_150420.jpg
IMG_0413.JPG,peakgremlinstill_201.jpg,001_STILLS/peakgremlin_still_20261002_150423.jpg
IMG_0415.JPG,peakgremlinstill_202.jpg,001_STILLS/peakgremlin_still_20261002_150539.jpg
IMG_0416.JPG,peakgremlinstill_203.jpg,001_STILLS/peakgremlin_still_20261002_150540.jpg
IMG_0418.JPG,peakgremlinstill_204.jpg,001_STILLS/peakgremlin_still_20261002_150544.jpg
IMG_0419.JPG,peakgremlinstill_205.jpg,001_STILLS/peakgremlin_still_20261002_150654.jpg
IMG_0420.JPG,peakgremlinstill_206.jpg,001_STILLS/peakgremlin_still_20261002_150657.jpg
MVI_3119.MP4,peakgremlinmovingimage_024.mp4,002_MOVING_IMAGE/peakgremlin_movingimage_20261002_150900.mp4
MVI_3122.MP4,peakgremlinmovingimage_025.mp4,002_MOVING_IMAGE/peakgremlin_movingimage_20261002_150947.mp4
IMG_0421.JPG,peakgremlinstill_207.jpg,001_STILLS/peakgremlin_still_20261002_151033.jpg
IMG_0422.MOV,peakgremlinmovingimage_026.mov,002_MOVING_IMAGE/peakgremlin_movingimage_20261002_151036.mov
MVI_3126.MP4,peakgremlinmovingimage_027.mp4,002_MOVING_IMAGE/peakgremlin_movingimage_20261002_151425.mp4
IMG_0423.JPG,peakgremlinstill_208.jpg,001_STILLS/peakgremlin_still_20261002_151451.jpg
MVI_3127.mov,peakgremlinmovingimage_028.mov,002_MOVING_IMAGE/peakgremlin_movingimage_20261002_151459.mov
IMG_0424.JPG,peakgremlinstill_209.jpg,001_STILLS/peakgremlin_still_20261002_151501.jpg
IMG_0425.JPG,peakgremlinstill_210.jpg,001_STILLS/peakgremlin_still_20261002_151503.jpg
IMG_0426.JPG,peakgremlinstill_211.jpg,001_STILLS/peakgremlin_still_20261002_151514.jpg
IMG_0427.JPG,peakgremlinstill_212.jpg,001_STILLS/peakgremlin_still_20261002_151517.jpg
IMG_0428.JPG,peakgremlinstill_213.jpg,001_STILLS/peakgremlin_still_20261002_152054.jpg
IMG_0429.JPG,peakgremlinstill_214.jpg,001_STILLS/peakgremlin_still_20261002_152058.jpg
IMG_0430.JPG,peakgremlinstill_215.jpg,001_STILLS/peakgremlin_still_20261002_152059.jpg
IMG_0433.MOV,peakgremlinmovingimage_029.mov,002_MOVING_IMAGE/peakgremlin_movingimage_20261002_152137.mov
MVI_3139.MP4,peakgremlinmovingimage_030.mp4,002_MOVING_IMAGE/peakgremlin_movingimage_20261002_152504.mp4
MVI_3140.MP4,peakgremlinmovingimage_031.mp4,002_MOVING_IMAGE/peakgremlin_movingimage_20261002_152526.mp4
IMG_0434.JPG,peakgremlinstill_216.jpg,001_STILLS/peakgremlin_still_20261002_152545.jpg
IMG_0435.JPG,peakgremlinstill_217.jpg,001_STILLS/peakgremlin_still_20261002_152547.jpg
IMG_0436.MOV,peakgremlinmovingimage_032.mov,002_MOVING_IMAGE/peakgremlin_movingimage_20261002_152551.mov
MVI_3142.mov,peakgremlinmovingimage_033.mov,002_MOVING_IMAGE/peakgremlin_movingimage_20261002_152559.mov
IMG_0437.MOV,peakgremlinmovingimage_034.mov,002_MOVING_IMAGE/peakgremlin_movingimage_20261002_152601.mov
MVI_3145.mov,peakgremlinmovingimage_035.mov,002_MOVING_IMAGE/peakgremlin_movingimage_20261002_152709.mov
IMG_0438.MOV,peakgremlinmovingimage_036.mov,002_MOVING_IMAGE/peakgremlin_movingimage_20261002_152833.mov
IMG_0439.JPG,peakgremlinstill_218.jpg,001_STILLS/peakgremlin_still_20261002_152925.jpg
IMG_0442.MOV,peakgremlinmovingimage_037.mov,002_MOVING_IMAGE/peakgremlin_movingimage_20261002_153016.mov
IMG_0443.JPG,peakgremlinstill_219.jpg,001_STILLS/peakgremlin_still_20261002_153022.jpg
IMG_0444.JPG,peakgremlinstill_220.jpg,001_STILLS/peakgremlin_still_20261002_153035.jpg
IMG_0445.JPG,peakgremlinstill_221.jpg,001_STILLS/peakgremlin_still_20261002_153036.jpg
IMG_0446.JPG,peakgremlinstill_222.jpg,001_STILLS/peakgremlin_still_20261002_153037.jpg
IMG_0447.JPG,peakgremlinstill_223.jpg,001_STILLS/peakgremlin_still_20261002_153039.jpg
IMG_0448.JPG,peakgremlinstill_224.jpg,001_STILLS/peakgremlin_still_20261002_153040.jpg
IMG_0449.JPG,peakgremlinstill_225.jpg,001_STILLS/peakgremlin_still_20261002_153311.jpg
IMG_0450.JPG,peakgremlinstill_226.jpg,001_STILLS/peakgremlin_still_20261002_153641.jpg
IMG_0451.JPG,peakgremlinstill_227.jpg,001_STILLS/peakgremlin_still_20261002_153642.jpg
IMG_0452.JPG,peakgremlinstill_228.jpg,001_STILLS/peakgremlin_still_20261002_153643.jpg
IMG_0453.JPG,peakgremlinstill_229.jpg,001_STILLS/peakgremlin_still_20261002_153645.jpg
IMG_0454.JPG,peakgremlinstill_230.jpg,001_STILLS/peakgremlin_still_20261002_153913.jpg
IMG_0455.JPG,peakgremlinstill_231.jpg,001_STILLS/peakgremlin_still_20261002_154027.jpg
IMG_0456.JPG,peakgremlinstill_232.jpg,001_STILLS/peakgremlin_still_20261002_154030.jpg
IMG_0457.mov,peakgremlinmovingimage_038.mov,002_MOVING_IMAGE/peakgremlin_movingimage_20261002_154219.mov
IMG_0458.MOV,peakgremlinmovingimage_039.mov,002_MOVING_IMAGE/peakgremlin_movingimage_20261002_154248.mov
MVI_3169.MP4,peakgremlinmovingimage_040.mp4,002_MOVING_IMAGE/peakgremlin_movingimage_20261002_154401.mp4
IMG_0461.mov,peakgremlinmovingimage_041.mov,002_MOVING_IMAGE/peakgremlin_movingimage_20261002_155356.mov
IMG_0462.MOV,peakgremlinmovingimage_042.mov,002_MOVING_IMAGE/peakgremlin_movingimage_20261002_155418.mov
IMG_0463.JPG,peakgremlinstill_233.jpg,001_STILLS/peakgremlin_still_20261002_155518.jpg
IMG_0464.JPG,peakgremlinstill_234.jpg,001_STILLS/peakgremlin_still_20261002_155521.jpg
IMG_0467.mov,peakgremlinmovingimage_043.mov,002_MOVING_IMAGE/peakgremlin_movingimage_20261002_155547.mov
IMG_0469.JPG,peakgremlinstill_235.jpg,001_STILLS/peakgremlin_still_20261002_160016.jpg
IMG_0473.JPG,peakgremlinstill_236.jpg,001_STILLS/peakgremlin_still_20261002_160028.jpg
IMG_0474.MOV,peakgremlinmovingimage_044.mov,002_MOVING_IMAGE/peakgremlin_movingimage_20261002_160400.mov
IMG_0476.MOV,peakgremlinmovingimage_045.mov,002_MOVING_IMAGE/peakgremlin_movingimage_20261002_160504.mov
IMG_0477.MOV,peakgremlinmovingimage_046.mov,002_MOVING_IMAGE/peakgremlin_movingimage_20261002_160514.mov
IMG_0478.JPG,peakgremlinstill_237.jpg,001_STILLS/peakgremlin_still_20261002_160530.jpg
IMG_0479.JPG,peakgremlinstill_238.jpg,001_STILLS/peakgremlin_still_20261002_160539.jpg
IMG_0480.JPG,peakgremlinstill_239.jpg,001_STILLS/peakgremlin_still_20261002_160715.jpg
IMG_0496.JPG,peakgremlinstill_240.jpg,001_STILLS/peakgremlin_still_20261002_162202.jpg
IMG_0498.JPG,peakgremlinstill_241.jpg,001_STILLS/peakgremlin_still_20261002_162209.jpg
IMG_0500.JPG,peakgremlinstill_242.jpg,001_STILLS/peakgremlin_still_20261002_162212.jpg
IMG_0502.JPG,peakgremlinstill_243.jpg,001_STILLS/peakgremlin_still_20261002_162216.jpg
IMG_0503.JPG,peakgremlinstill_244.jpg,001_STILLS/peakgremlin_still_20261002_162217.jpg
IMG_0506.JPG,peakgremlinstill_245.jpg,001_STILLS/peakgremlin_still_20261002_163222.jpg
IMG_0508.JPG,peakgremlinstill_246.jpg,001_STILLS/peakgremlin_still_20261002_163226.jpg
IMG_0509.MOV,peakgremlinmovingimage_047.mov,002_MOVING_IMAGE/peakgremlin_movingimage_20261002_163227.mov
IMG_0511.JPG,peakgremlinstill_247.jpg,001_STILLS/peakgremlin_still_20261002_163506.jpg
IMG_0512.JPG,peakgremlinstill_248.jpg,001_STILLS/peakgremlin_still_20261002_163507.jpg
IMG_0513.mov,peakgremlinmovingimage_048.mov,002_MOVING_IMAGE/peakgremlin_movingimage_20261002_163510.mov
IMG_0514.MOV,peakgremlinmovingimage_049.mov,002_MOVING_IMAGE/peakgremlin_movingimage_20261002_163517.mov
IMG_0516.JPG,peakgremlinstill_249.jpg,001_STILLS/peakgremlin_still_20261002_164523.jpg
IMG_0517.JPG,peakgremlinstill_250.jpg,001_STILLS/peakgremlin_still_20261002_164524.jpg
IMG_0518.JPG,peakgremlinstill_251.jpg,001_STILLS/peakgremlin_still_20261002_164525.jpg
IMG_0519.JPG,peakgremlinstill_252.jpg,001_STILLS/peakgremlin_still_20261002_164549.jpg
IMG_0520.JPG,peakgremlinstill_253.jpg,001_STILLS/peakgremlin_still_20261002_164557.jpg
IMG_0521.JPG,peakgremlinstill_254.jpg,001_STILLS/peakgremlin_still_20261002_164609.jpg
IMG_0523.JPG,peakgremlinstill_255.jpg,001_STILLS/peakgremlin_still_20261002_164734-1.jpg
IMG_0524.JPG,peakgremlinstill_256.jpg,001_STILLS/peakgremlin_still_20261002_164734-2.jpg
IMG_0525.JPG,peakgremlinstill_257.jpg,001_STILLS/peakgremlin_still_20261002_170840.jpg
IMG_0526.JPG,peakgremlinstill_258.jpg,001_STILLS/peakgremlin_still_20261002_170845.jpg
IMG_0527.JPG,peakgremlinstill_259.jpg,001_STILLS/peakgremlin_still_20261002_170850.jpg
IMG_0528.MOV,peakgremlinmovingimage_050.mov,002_MOVING_IMAGE/peakgremlin_movingimage_20261002_170852.mov
IMG_0529.JPG,peakgremlinstill_260.jpg,001_STILLS/peakgremlin_still_20261002_170939.jpg
IMG_0530.MOV,peakgremlinmovingimage_051.mov,002_MOVING_IMAGE/peakgremlin_movingimage_20261002_171110.mov
IMG_3180.JPG,peakgremlinstill_261.jpg,001_STILLS/peakgremlin_still_20261002_171430.jpg
IMG_3181.JPG,peakgremlinstill_262.jpg,001_STILLS/peakgremlin_still_20261002_171440.jpg
IMG_3182.JPG,peakgremlinstill_263.jpg,001_STILLS/peakgremlin_still_20261002_171449.jpg
IMG_0535.JPG,peakgremlinstill_264.jpg,001_STILLS/peakgremlin_still_20261002_183802.jpg
IMG_0536.JPG,peakgremlinstill_265.jpg,001_STILLS/peakgremlin_still_20261002_183804.jpg
IMG_0538.JPG,peakgremlinstill_266.jpg,001_STILLS/peakgremlin_still_20261002_191106.jpg
IMG_0539.JPG,peakgremlinstill_267.jpg,001_STILLS/peakgremlin_still_20261002_191107.jpg
IMG_0540.JPG,peakgremlinstill_268.jpg,001_STILLS/peakgremlin_still_20261002_191219.jpg
IMG_0541.JPG,peakgremlinstill_269.jpg,001_STILLS/peakgremlin_still_20261002_191224.jpg
IMG_0542.JPG,peakgremlinstill_270.jpg,001_STILLS/peakgremlin_still_20261002_191314.jpg
IMG_0543.JPG,peakgremlinstill_271.jpg,001_STILLS/peakgremlin_still_20261002_191401.jpg
IMG_0545.JPG,peakgremlinstill_272.jpg,001_STILLS/peakgremlin_still_20261002_191405.jpg
IMG_0546.MOV,peakgremlinmovingimage_052.mov,002_MOVING_IMAGE/peakgremlin_movingimage_20261002_191416.mov
IMG_0548.JPG,peakgremlinstill_273.jpg,001_STILLS/peakgremlin_still_20261002_191437.jpg
IMG_0550.MOV,peakgremlinmovingimage_053.mov,002_MOVING_IMAGE/peakgremlin_movingimage_20261002_191522.mov
IMG_0551.MOV,peakgremlinmovingimage_054.mov,002_MOVING_IMAGE/peakgremlin_movingimage_20261002_191546.mov
IMG_0552.MOV,peakgremlinmovingimage_055.mov,002_MOVING_IMAGE/peakgremlin_movingimage_20261002_191624.mov
IMG_0555.mov,peakgremlinmovingimage_056.mov,002_MOVING_IMAGE/peakgremlin_movingimage_20261002_191719.mov
IMG_0557.mov,peakgremlinmovingimage_057.mov,002_MOVING_IMAGE/peakgremlin_movingimage_20261002_191813.mov
IMG_0558.mov,peakgremlinmovingimage_058.mov,002_MOVING_IMAGE/peakgremlin_movingimage_20261002_191856.mov
IMG_0560.mov,peakgremlinmovingimage_059.mov,002_MOVING_IMAGE/peakgremlin_movingimage_20261002_192038.mov
IMG_0561.mov,peakgremlinmovingimage_060.mov,002_MOVING_IMAGE/peakgremlin_movingimage_20261002_192143.mov
IMG_0565.JPG,peakgremlinstill_274.jpg,001_STILLS/peakgremlin_still_20261002_192900.jpg
IMG_0568.MOV,peakgremlinmovingimage_061.mov,002_MOVING_IMAGE/peakgremlin_movingimage_20261002_193226.mov
IMG_0570.JPG,peakgremlinstill_275.jpg,001_STILLS/peakgremlin_still_20261002_194017.jpg
IMG_0571.JPG,peakgremlinstill_276.jpg,001_STILLS/peakgremlin_still_20261002_194037.jpg
IMG_0572.JPG,peakgremlinstill_277.jpg,001_STILLS/peakgremlin_still_20261002_194050.jpg
IMG_0573.JPG,peakgremlinstill_278.jpg,001_STILLS/peakgremlin_still_20261002_194103.jpg
IMG_0574.JPG,peakgremlinstill_279.jpg,001_STILLS/peakgremlin_still_20261002_195905.jpg
IMG_0576.JPG,peakgremlinstill_280.jpg,001_STILLS/peakgremlin_still_20261002_195912.jpg
IMG_0577.JPG,peakgremlinstill_281.jpg,001_STILLS/peakgremlin_still_20261002_200614.jpg
IMG_0579.JPG,peakgremlinstill_282.jpg,001_STILLS/peakgremlin_still_20261002_211131.jpg
IMG_0580.JPG,peakgremlinstill_283.jpg,001_STILLS/peakgremlin_still_20261002_211132.jpg
IMG_0581.JPG,peakgremlinstill_284.jpg,001_STILLS/peakgremlin_still_20261002_211134.jpg
IMG_0582.JPG,peakgremlinstill_285.jpg,001_STILLS/peakgremlin_still_20261002_211135.jpg
IMG_0583.MOV,peakgremlinmovingimage_062.mov,002_MOVING_IMAGE/peakgremlin_movingimage_20261002_211208.mov
IMG_0584.JPG,peakgremlinstill_286.jpg,001_STILLS/peakgremlin_still_20261002_211412.jpg
IMG_0587.JPG,peakgremlinstill_287.jpg,001_STILLS/peakgremlin_still_20261002_224528.jpg
IMG_3185.JPG,peakgremlinstill_288.jpg,001_STILLS/peakgremlin_still_20261003_052328.jpg
IMG_3186.JPG,peakgremlinstill_289.jpg,001_STILLS/peakgremlin_still_20261003_052334.jpg
IMG_3187.JPG,peakgremlinstill_290.jpg,001_STILLS/peakgremlin_still_20261003_052340.jpg
IMG_3188.JPG,peakgremlinstill_291.jpg,001_STILLS/peakgremlin_still_20261003_052344.jpg
IMG_3189.JPG,peakgremlinstill_292.jpg,001_STILLS/peakgremlin_still_20261003_052348.jpg
IMG_3190.JPG,peakgremlinstill_293.jpg,001_STILLS/peakgremlin_still_20261003_052351.jpg
IMG_3191.JPG,peakgremlinstill_294.jpg,001_STILLS/peakgremlin_still_20261003_052357.jpg
IMG_3192.JPG,peakgremlinstill_295.jpg,001_STILLS/peakgremlin_still_20261003_052525.jpg
IMG_3193.JPG,peakgremlinstill_296.jpg,001_STILLS/peakgremlin_still_20261003_052535.jpg
IMG_3194.JPG,peakgremlinstill_297.jpg,001_STILLS/peakgremlin_still_20261003_052557.jpg
IMG_3195.JPG,peakgremlinstill_298.jpg,001_STILLS/peakgremlin_still_20261003_052618.jpg
IMG_3196.JPG,peakgremlinstill_299.jpg,001_STILLS/peakgremlin_still_20261003_052623.jpg
IMG_3197.JPG,peakgremlinstill_300.jpg,001_STILLS/peakgremlin_still_20261003_052701.jpg
IMG_3198.JPG,peakgremlinstill_301.jpg,001_STILLS/peakgremlin_still_20261003_052722.jpg
IMG_3199.JPG,peakgremlinstill_302.jpg,001_STILLS/peakgremlin_still_20261003_052737.jpg
IMG_0589.jpg,IMG_0589.jpg,001_STILLS/peakgremlin_still_20261003_070909_edit.jpg
IMG_0589.JPG,peakgremlinstill_303.jpg,001_STILLS/peakgremlin_still_20261003_070909.jpg
IMG_0590.JPG,peakgremlinstill_304.jpg,001_STILLS/peakgremlin_still_20261003_070938.jpg
IMG_0591.JPG,peakgremlinstill_305.jpg,001_STILLS/peakgremlin_still_20261003_070958.jpg
IMG_0592.MOV,peakgremlinmovingimage_063.mov,002_MOVING_IMAGE/peakgremlin_movingimage_20261003_071206.mov
IMG_0593.MOV,peakgremlinmovingimage_064.mov,002_MOVING_IMAGE/peakgremlin_movingimage_20261003_071723.mov
IMG_0594.MOV,peakgremlinmovingimage_065.mov,002_MOVING_IMAGE/peakgremlin_movingimage_20261003_071819.mov
IMG_0596.MOV,peakgremlinmovingimage_066.mov,002_MOVING_IMAGE/peakgremlin_movingimage_20261003_071959.mov
IMG_0598.JPG,peakgremlinstill_306.jpg,001_STILLS/peakgremlin_still_20261003_072447.jpg
IMG_0599.JPG,peakgremlinstill_307.jpg,001_STILLS/peakgremlin_still_20261003_072655.jpg
IMG_0600.JPG,peakgremlinstill_308.jpg,001_STILLS/peakgremlin_still_20261003_072717.jpg
IMG_0601.JPG,peakgremlinstill_309.jpg,001_STILLS/peakgremlin_still_20261003_072722.jpg
IMG_0602.MOV,peakgremlinmovingimage_067.mov,002_MOVING_IMAGE/peakgremlin_movingimage_20261003_072731.mov
IMG_0603.jpg,peakgremlinstill_310.jpg,001_STILLS/peakgremlin_still_20261003_073110.jpg
IMG_0604.jpg,peakgremlinstill_311.jpg,001_STILLS/peakgremlin_still_20261003_073115.jpg
IMG_0606.JPG,peakgremlinstill_312.jpg,001_STILLS/peakgremlin_still_20261003_073127.jpg
IMG_0607.JPG,peakgremlinstill_313.jpg,001_STILLS/peakgremlin_still_20261003_073131.jpg
IMG_0611.JPG,peakgremlinstill_314.jpg,001_STILLS/peakgremlin_still_20261003_073147.jpg
IMG_0612.JPG,peakgremlinstill_315.jpg,001_STILLS/peakgremlin_still_20261003_073151.jpg
0EF30940-9D63-41D9-BEE7-5225A5A4C452.JPG,peakgremlinstill_316.jpg,001_STILLS/peakgremlin_still_20261003_080428.jpg
IMG_0628.JPG,peakgremlinstill_317.jpg,001_STILLS/peakgremlin_still_20261003_083958.jpg
IMG_0629.JPG,peakgremlinstill_318.jpg,001_STILLS/peakgremlin_still_20261003_084000.jpg
IMG_0630.JPG,peakgremlinstill_319.jpg,001_STILLS/peakgremlin_still_20261003_084004.jpg
IMG_0631.MOV,peakgremlinmovingimage_068.mov,002_MOVING_IMAGE/peakgremlin_movingimage_20261003_084839.mov
IMG_0632.MOV,peakgremlinmovingimage_069.mov,002_MOVING_IMAGE/peakgremlin_movingimage_20261003_084953.mov
IMG_0633.JPG,peakgremlinstill_320.jpg,001_STILLS/peakgremlin_still_20261003_085038.jpg
IMG_0634.JPG,peakgremlinstill_321.jpg,001_STILLS/peakgremlin_still_20261003_085040.jpg
COROS_peakgremlin.gpx,peakgremlingpx_coros.gpx,001_GPX/peakgremlingpx_coros.gpx
WIKILOCS_peakgremlin.gpx,peakgremlingpx_wikilocs.gpx,001_GPX/peakgremlingpx_wikilocs.gpx
